Workbook

Sheet 1 INTRODUCCION
B3: Proyecto | C3: APLICATIVO WEB Y MOVIL DE GESTION DE PROCESOS INTERNOS PARA LA EMPRESA COMSITEC S.A.C - HUANCAYO - 2025
B7: Empresa | C7: CONSITEC SAC
B8: Descripcion de la empresa | C8: CONSITEC SAC ES UN EMPRESA DEDICADA A LA VENTA DE TECNOLOGIA OFRESIENDO UNA AMPLIA GAMA DE PRODUCTOS COMO LAPTOPS COMPUTADORAS IMPRESORAS.ENTRE OTROS.SU ENFOQUE ES PROPORCIONAL SOLUCIONES TECNOLOGICOS QUE SATISFAGAN LAS NESISIDADES DE SUS CLIENTES.78
B12: Alcance ( Objetivo ) del proyecto | C12: El proyecto tiene como objetivo desarrollar un aplicativo web y móvil que permita gestionar y optimizar los procesos internos de la empresa Comsitec S.A.C., integrando módulos para el control de usuarios, asignación de tareas, gestión de garantías y visualización de indicadores. Con esta herramienta se busca automatizar operaciones, reducir errores manuales y mejorar la eficiencia operativa mediante el acceso a información actualizada en tiempo real.
B16: Integrantes | C16: Herrera Marcelo, Junior Roman
C17: TINEO OROSTO, Noel Erik
B21: Requerimientos Funcionales | C21: 1.- Login y autenticacion de usuarios
C22: 2.- Modulo de Privilegios
C23: 3.- Modulo de gestion de usuarios
C24: 4.- Modulo de Tareas
C25: 5.- Modulo de garantias

Sheet 2 Roles
B1: Roles del equipo de trabajo
B3: Rol | C3: Responsable(s) | D3: Perfil
B4: Product Owner | C4: HERRERA MARCELO, Junior Roman | D4: Analista y fullstack Developer: Encargado del levantamiento de requerimientos, priorización de funcionalidades y validación de los entregables con el cliente. Participa en el desarrollo tanto del backend como del frontend.
B5: Scrum Master | C5: TINEO OROSCO, NOEL ERIK | D5: Desarrollador Fullstack y Coordinador Tecnico: Supervisa la aplicación de la metodología Scrum, gestiona los sprints y participa activamente en la codificación y pruebas del sistema.
B6: Equipo Scrum | C6: HERRERA MARCELO, Junior Roman TINEO OROSOCO NOEL ERIK | D6: Equipo de desarrollo Full Stack. Responsable del análisis, diseño, programación, integración de base de datos, pruebas y documentación del aplicativo web y móvil.
B7: Stakeholders | C7: Representantes De la empresa Comsitec S.A.C | D7: Usuarios clave y personal administrativo. Proporcionan los requerimientos funcionales y validan las funcionalidades desarrolladas.
B8: Scrum Guidance Body | C8: Docente asesor del proyecto | D8: Asesor metodológico. Supervisa el cumplimiento del marco de trabajo Scrum y orienta el desarrollo del proyecto.
B9: Vendedores | C9: Personal del área de ventas de Comsitec S.A.C. | D9: Usuarios operativos. Utilizan el aplicativo en la gestión diaria de tareas, garantías y reportes, brindando retroalimentación sobre su usabilidad y funcionalidad.

Sheet 3 Product Backlog
B1: Desarrollo ágil: Pila de Producto (Product Backlog)
B3: Identificador (ID) de la Historia | C3: Enunciado de la Historia | D3: Alias | E3: Estado | F3: Dimensión / Esfuerzo | G3: Iteración (Sprint) | H3: Prioridad | I3: Comentarios
B4: HU-01 | C4: Como usuario, quiero iniciar sesión con mis credenciales para acceder al sistema según mi rol asignado | D4: LOGIN | E4: COMPLETADO | F4: 5 PTS | G4: Sprint 1 | H4: Alta | I4: Funcionalidad escencial para el acceso
B5: HU-02 | C5: Como usuario deseo recuperar mi contraseña en caso de olvido para poder ingresar nuevamente | D5: LOGIN | E5: EN DESARROLLO | F5: 3 PTS | G5: Sprint 1 | H5: Media | I5: Se integrara vaidacion por Correo electronicop
B6: HU-03 | C6: Como administrador, quiero registrar nuevos usuarios para gestionar el acceso al sistema | D6: USUARIOS | E6: EN DESARROLLO | F6: 4 PTS | G6: Sprint 1 | H6: Alta | I6: Permite crear cuentas de empleados o tecnicos
B7: HU-04 | C7: Como administrador deseo asignar roles y permisos a cada usuario | D7: PRIVILEGIOS | E7: EN DESARROLLO | F7: 4 PTS | G7: Sprint 2 | H7: Alta | I7: Determinar el nivel de accesos según cargo
B8: HU-05 | C8: Como empleado quiero creary asignar tareas para organizar el trabajo diario | D8: TAREAS | E8: EN DESARROLLO | F8: 5 PTS | G8: Sprint 2 | H8: Alta | I8: Base del módulo de productividad.
B9: HU-06 | C9: Como usuario, deseo actualizar el estado de mis tareas (pendiente, en progreso). | D9: TAREAS | E9: PENDIENTE | F9: 3 PTS | G9: Sprint 2 | H9: Alta | I9: Vinculado al tablero Kanban del dashboard.
B10: HU-07 | C10: Como usuario, quiero adjuntar archivos o comentarios a mis tareas como evidencia | D10: TAREAS | E10: PENDIENTE | F10: 4 PTS | G10: Sprint 3 | H10: Media | I10: Permite registrar evidencias visuales.
B11: HU-08 | C11: Como técnico, deseo registrar productos con sus fechas de compra y vencimiento de garantí | D11: GARANTIAS | E11: PENDIENTE | F11: 5 PTS | G11: Sprint 3 | H11: Alta | I11: Control de productos vendidos con cobertura
B12: HU-09 | C12: Como técnico, quiero recibir alertas automáticas cuando una garantía esté próxima a vencer | D12: GARANTIAS | E12: PENDIENTE | F12: 4 PTS | G12: Sprint 3 | H12: Alta | I12: Incluye sistema de notificaciones automaticas
B13: HU-10 | C13: Como gerente, quiero visualizar estadísticas y reportes generales para evaluar rendimiento del personal y tareas. | D13: DASHBOARD | E13: PENDIENTE | F13: 6 pts | G13: Sprint 3 | H13: Alta | I13: Presentara graficos dinamicos y metricas globales
B14: HU-11 | C14: Como usuario, deseo generar reportes automáticos en PDF o Excel de mis tareas o garantías. | D14: REPORTES | E14: PENDIENTE | F14: 3 Pts | G14: Sprint 4 | H14: Media | I14: Descarga de informe automaticamente
B15: HU-12 | C15: Como administrador, quiero mantener un registro de todas las acciones para garantizar trazabilidad. | D15: AUDITORIA | E15: PENDIENTE | F15: 4 PTS | G15: Sprint 4 | H15: Alta | I15: Guarda logs de opeciones internas en Base de datos

Sheet 4 Criterio de Aceptación
B1: CRITERIOS DE ACEPTACIÓN
B2: Identificador (ID) de la Historia | C2: Criterio de aceptación | D2: Comentario Adicional
B3: HU-01
B4: HU-02
B5: HU-03
B6: HU-04
B7: HU-05
B8: HU-06
B9: HU-07
B10: HU-08
B11: HU-09
B12: HU-10
B13: HU-11
B14: HU-12

Sheet 5 Sprints
A1: SPRINT BACKLOG 01
A2: Product Backlog Item | B2: Tarea | C2: Responsable | D2: Estimación Original (HORAS)
A21: SPRINT BACKLOG 02
A22: Product Backlog Item | B22: Tarea | C22: Responsable | D22: Estimación Original (HORAS)
A42: SPRINT BACKLOG 03
A43: Product Backlog Item | B43: Tarea | C43: Responsable | D43: Estimación Original (HORAS)

Sheet 6 ESTIMACION - PRODUCT BACKLOG
A1: ID | B1: # | C1: PRIORIDAD | D1: DESCRIPCION | E1: ESTIMACION
D18: TOTAL | E18: =SUM(E2:E12) -> 0
D20: # HORAS AL DIA POR TRABAJADOR | E20: 0
D21: # TRABAJADORES | E21: 0
D22: # HORAS TOTALES POR DIA | E22: =E20*E21 -> 0
D23: # DE DIAS DE TRABAJO | E23: =E18/E22 -> #DIV/0!

Sheet 7 SEGUIMIENTO -SPRINT BACKLOG01
A2: HISTORIA | B2: TAREA | C2: RESPONSABLE | D2: TIEMPO ESTIMADO | E2: ESTADO
E3: NO INICIADA
E4: NO INICIADA
E5: NO INICIADA
E6: NO INICIADA
E7: NO INICIADA
E8: NO INICIADA
E9: NO INICIADA
E10: NO INICIADA
E11: NO INICIADA
E12: NO INICIADA
E13: NO INICIADA
E14: NO INICIADA
... E18: NO INICIADA
C19: TOTAL | D19: =SUM(D3:D18) -> 0
C21: # HORAS AL DIA POR TRABAJADOR | D21: ='6 ESTIMACION - PRODUCT BACKLOG'!E20 -> 0
A22: TRABAJADORES | C22: # TRABAJADORES | D22: 0
A23: T01 | C23: # HORAS TOTALES POR DIA | D23: =D21*D22 -> 0
A24: T02 | C24: # DE DIAS DE TRABAJO | D24: =D19/D23 -> #DIV/0!
A25: T03
A26: T04
A27: T05

Sheet DIA 1
A1: HISTORIA | B1: TAREA | C1: RESPONSABLE | D1: TIEMPO ESTIMADO | E1: TIEMPO TRABAJADO | F1: TIEMPO ADICIONAL | G1: TIEMPO FALTANTE | H1: HORAS AVANZADAS | I1: ESTADO
G2: =D2-H2 -> 0 | H2: =E2+F2 -> 0 | I2: =IF(E2=0,"NO INICIADA", IF(G2<=0,"FINALIZADA","EN PROCESO")) -> NO INICIADA
G3: =D3-H3 -> 0 | H3: =E3+F3 -> 0 | I3: =IF(E3=0,"NO INICIADA", IF(G3<=0,"FINALIZADA","EN PROCESO")) -> NO INICIADA
G4: =D4-H4 -> 0 | H4: =E4+F4 -> 0 | I4: =IF(E4=0,"NO INICIADA", IF(G4<=0,"FINALIZADA","EN PROCESO")) -> NO INICIADA
G5: =D5-H5 -> 0 | H5: =E5+F5 -> 0 | I5: =IF(E5=0,"NO INICIADA", IF(G5<=0,"FINALIZADA","EN PROCESO")) -> NO INICIADA
G6: =D6-H6 -> 0 | H6: =E6+F6 -> 0 | I6: =IF(E6=0,"NO INICIADA", IF(G6<=0,"FINALIZADA","EN PROCESO")) -> NO INICIADA
G7: =D7-H7 -> 0 | H7: =E7+F7 -> 0 | I7: =IF(E7=0,"NO INICIADA", IF(G7<=0,"FINALIZADA","EN PROCESO")) -> NO INICIADA
G8: =D8-H8 -> 0 | H8: =E8+F8 -> 0 | I8: =IF(E8=0,"NO INICIADA", IF(G8<=0,"FINALIZADA","EN PROCESO")) -> NO INICIADA
G9: =D9-H9 -> 0 | H9: =E9+F9 -> 0 | I9: =IF(E9=0,"NO INICIADA", IF(G9<=0,"FINALIZADA","EN PROCESO")) -> NO INICIADA
G10: =D10-H10 -> 0 | H10: =E10+F10 -> 0 | I10: =IF(E10=0,"NO INICIADA", IF(G10<=0,"FINALIZADA","EN PROCESO")) -> NO INICIADA
G11: =D11-H11 -> 0 | H11: =E11+F11 -> 0 | I11: =IF(E11=0,"NO INICIADA", IF(G11<=0,"FINALIZADA","EN PROCESO")) -> NO INICIADA
G12: =D12-H12 -> 0 | H12: =E12+F12 -> 0 | I12: =IF(E12=0,"NO INICIADA", IF(G12<=0,"FINALIZADA","EN PROCESO")) -> NO INICIADA
G13: =D13-H13 -> 0 | H13: =E13+F13 -> 0 | I13: =IF(E13=0,"NO INICIADA", IF(G13<=0,"FINALIZADA","EN PROCESO")) -> NO INICIADA
... G17: =D17-H17 -> 0 | H17: =E17+F17 -> 0 | I17: =IF(E17=0,"NO INICIADA", IF(G17<=0,"FINALIZADA","EN PROCESO")) -> NO INICIADA
E19: TOTAL HORAS AVANZADAS | H19: =SUM(H2:H17) -> 0
A21: TRABAJADORES | E21: TAREAS FINALIZADAS | H21: =COUNTIF(I2:I17,"FINALIZADA") -> 0
A22: ='7 SEGUIMIENTO -SPRINT BACKLOG01'!A23 -> T01
A23: ='7 SEGUIMIENTO -SPRINT BACKLOG01'!A24 -> T02 | E23: REQUERIMIENTOS FINALIZADOS | H23: 0
A24: ='7 SEGUIMIENTO -SPRINT BACKLOG01'!A25 -> T03
A25: ='7 SEGUIMIENTO -SPRINT BACKLOG01'!A26 -> T04
A26: ='7 SEGUIMIENTO -SPRINT BACKLOG01'!A27 -> T05

Sheet Burndown Chart01
B1: Burn Down Chart
C3: Burned down | E3: Balance | G3: Hecho Hoy
B4: Día | C4: Planeado | D4: Actual | E4: Planeado | F4: Actual
B5: 0 | E5: 0 | F5: 0 | G5: =IF(D5="","N/A",D5) -> N/A
B6: 1 | C6: =E5/10 -> 0 | D6: 0 | E6: =$E$5-SUM($C$6:C6) -> 0 | F6: =IF(D6="",NA(),$F$5-SUM($D$6:D6)) -> 0 | G6: =IF(D6="","N/A",D6) -> 0
B7: 2 | C7: 0 | D7: 0 | E7: =$E$5-SUM($C$6:C7) -> 0 | F7: =IF(D7="",NA(),$F$5-SUM($D$6:D7)) -> 0 | G7: =IF(D7="","N/A",D7) -> 0
B8: 3 | C8: 0 | D8: 0 | E8: =$E$5-SUM($C$6:C8) -> 0 | F8: =IF(D8="",NA(),$F$5-SUM($D$6:D8)) -> 0 | G8: =IF(D8="","N/A",D8) -> 0
B9: 4 | C9: 0 | D9: 0 | E9: =$E$5-SUM($C$6:C9) -> 0 | F9: =IF(D9="",NA(),$F$5-SUM($D$6:D9)) -> 0 | G9: =IF(D9="","N/A",D9) -> 0
B10: 5 | C10: 0 | D10: 0 | E10: =$E$5-SUM($C$6:C10) -> 0 | F10: =IF(D10="",NA(),$F$5-SUM($D$6:D10)) -> 0 | G10: =IF(D10="","N/A",D10) -> 0
B11: 6 | C11: 0 | D11: 0 | E11: =$E$5-SUM($C$6:C11) -> 0 | F11: =IF(D11="",NA(),$F$5-SUM($D$6:D11)) -> 0 | G11: =IF(D11="","N/A",D11) -> 0
B12: 7 | C12: 0 | D12: 0 | E12: =$E$5-SUM($C$6:C12) -> 0 | F12: =IF(D12="",NA(),$F$5-SUM($D$6:D12)) -> 0 | G12: =IF(D12="","N/A",D12) -> 0
B13: 8 | C13: 0 | D13: 0 | E13: =$E$5-SUM($C$6:C13) -> 0 | F13: =IF(D13="",NA(),$F$5-SUM($D$6:D13)) -> 0 | G13: =IF(D13="","N/A",D13) -> 0
B14: 9 | C14: 0 | D14: 0 | E14: =$E$5-SUM($C$6:C14) -> 0 | F14: =IF(D14="",NA(),$F$5-SUM($D$6:D14)) -> 0 | G14: =IF(D14="","N/A",D14) -> 0
B15: 10 | C15: 0 | D15: 0 | E15: =$E$5-SUM($C$6:C15) -> 0 | F15: =IF(D15="",NA(),$F$5-SUM($D$6:D15)) -> 0 | G15: =IF(D15="","N/A",D15) -> 0
